Country Name,Regional Indicator,Social Support,Healthy life expectancy,Freedom To make life choices,Generosity,Percepctions of Corruption
Iceland,Western Europe,0.983,73.0,0.955,0.16,0.673
Netherlands,Western Europe,0.942,72.4,0.913,0.175,0.338
Norway,Western Europe,0.954,73.3,0.96,0.093,0.27
Sweden,Western Europe,0.934,72.7,0.945,0.086,0.237
Luxembourg,Western Europe,0.908,72.6,0.907,-0.034,0.386
Austria,Western Europe,0.934,73.3,0.908,0.042,0.481
Germany,Western Europe,0.903,72.5,0.875,0.011,0.46
Ireland,Western Europe,0.947,72.4,0.879,0.077,0.363
United Kingdom,Western Europe,0.934,72.5,0.859,0.233,0.459
Belgium,Western Europe,0.906,72.199,0.783,-0.153,0.646
France,Western Europe,0.942,74.0,0.822,-0.147,0.571
Malta,Western Europe,0.931,72.2,0.927,0.133,0.653
Spain,Western Europe,0.932,74.7,0.761,-0.081,0.745
Italy,Western Europe,0.88,73.8,0.693,-0.084,0.866
Cyprus,Western Europe,0.802,73.898,0.763,-0.015,0.844
Portugal,Western Europe,0.879,72.6,0.892,-0.244,0.887
Greece,Western Europe,0.823,72.6,0.582,-0.288,0.823
North Cyprus,Western Europe,0.82,73.898,0.795,0.012,0.626
New Zealand,North America and ANZ,0.948,73.4,0.929,0.134,0.242
Australia,North America and ANZ,0.94,73.9,0.914,0.159,0.442
Canada,North America and ANZ,0.926,73.8,0.915,0.089,0.415
United States,North America and ANZ,0.92,68.2,0.837,0.098,0.698
Israel,Middle East and North Africa,0.939,73.503,0.8,0.031,0.753
Bahrain,Middle East and North Africa,0.862,69.495,0.925,0.089,0.722
United Arab Emirates,Middle East and North Africa,0.844,67.333,0.932,0.074,0.589
Saudi Arabia,Middle East and North Africa,0.891,66.603,0.877,-0.149,0.684
Kuwait,Middle East and North Africa,0.843,66.9,0.867,-0.104,0.736
Libya,Middle East and North Africa,0.827,62.3,0.771,-0.087,0.667
Turkey,Middle East and North Africa,0.822,67.199,0.576,-0.139,0.776
Morocco,Middle East and North Africa,0.56,66.208,0.774,-0.236,0.801
Algeria,Middle East and North Africa,0.802,66.005,0.48,-0.067,0.752
Iraq,Middle East and North Africa,0.746,60.583,0.63,-0.053,0.875
Iran,Middle East and North Africa,0.71,66.3,0.608,0.218,0.714
Tunisia,Middle East and North Africa,0.691,67.201,0.656,-0.201,0.87
Lebanon,Middle East and North Africa,0.848,67.355,0.525,-0.073,0.898
Palestinian Territories,Middle East and North Africa,0.826,62.25,0.653,-0.163,0.821
Jordan,Middle East and North Africa,0.767,67.0,0.755,-0.167,0.705
Egypt,Middle East and North Africa,0.75,61.998,0.749,-0.182,0.795
Yemen,Middle East and North Africa,0.832,57.122,0.602,-0.147,0.8
Costa Rica,Latin America and Caribbean,0.891,71.4,0.934,-0.126,0.809
Guatemala,Latin America and Caribbean,0.813,64.958,0.906,-0.038,0.775
Uruguay,Latin America and Caribbean,0.925,69.1,0.896,-0.092,0.59
Brazil,Latin America and Caribbean,0.882,66.601,0.804,-0.071,0.756
Mexico,Latin America and Caribbean,0.831,68.597,0.862,-0.147,0.799
Jamaica,Latin America and Caribbean,0.877,67.5,0.89,-0.137,0.884
Panama,Latin America and Caribbean,0.896,69.652,0.872,-0.166,0.856
Chile,Latin America and Caribbean,0.882,70.0,0.742,-0.044,0.83
El Salvador,Latin America and Caribbean,0.762,66.402,0.888,-0.11,0.688
Colombia,Latin America and Caribbean,0.847,68.001,0.837,-0.135,0.841
Nicaragua,Latin America and Caribbean,0.864,67.657,0.836,0.02,0.664
Argentina,Latin America and Caribbean,0.898,69.0,0.828,-0.182,0.834
Honduras,Latin America and Caribbean,0.812,67.3,0.857,0.081,0.809
Peru,Latin America and Caribbean,0.832,68.25,0.822,-0.154,0.891
Ecuador,Latin America and Caribbean,0.821,68.8,0.842,-0.124,0.843
Bolivia,Latin America and Caribbean,0.81,63.901,0.875,-0.077,0.839
Paraguay,Latin America and Caribbean,0.893,65.9,0.876,0.028,0.882
Dominican Republic,Latin America and Caribbean,0.853,66.102,0.86,-0.133,0.714
Venezuela,Latin America and Caribbean,0.861,66.7,0.615,-0.169,0.827
Haiti,Latin America and Caribbean,0.54,55.7,0.593,0.422,0.721
Czech Republic,Central and Eastern Europe,0.947,70.807,0.858,-0.208,0.868
Slovenia,Central and Eastern Europe,0.948,71.4,0.949,-0.101,0.806
Kosovo,Central and Eastern Europe,0.821,63.813,0.869,0.257,0.917
Slovakia,Central and Eastern Europe,0.936,69.201,0.766,-0.124,0.911
Lithuania,Central and Eastern Europe,0.935,67.906,0.773,-0.203,0.826
Estonia,Central and Eastern Europe,0.941,68.8,0.909,-0.106,0.527
Poland,Central and Eastern Europe,0.898,69.702,0.841,-0.165,0.735
Romania,Central and Eastern Europe,0.832,67.355,0.845,-0.219,0.938
Serbia,Central and Eastern Europe,0.873,68.6,0.778,0.002,0.835
Latvia,Central and Eastern Europe,0.927,67.1,0.715,-0.162,0.8
Hungary,Central and Eastern Europe,0.943,68.0,0.755,-0.186,0.876
Croatia,Central and Eastern Europe,0.924,70.799,0.754,-0.118,0.939
Bosnia and Herzegovina,Central and Eastern Europe,0.87,68.098,0.706,0.113,0.931
Montenegro,Central and Eastern Europe,0.858,68.699,0.708,-0.034,0.812
Bulgaria,Central and Eastern Europe,0.931,67.0,0.788,-0.096,0.932
Albania,Central and Eastern Europe,0.697,68.999,0.785,-0.03,0.901
North Macedonia,Central and Eastern Europe,0.805,65.474,0.751,0.038,0.905
Taiwan Province of China,East Asia,0.898,69.6,0.784,-0.07,0.721
Japan,East Asia,0.884,75.1,0.796,-0.258,0.638
South Korea,East Asia,0.799,73.9,0.672,-0.083,0.727
Mongolia,East Asia,0.935,62.5,0.708,0.116,0.856
Hong Kong S.A.R. of China,East Asia,0.836,76.82,0.717,0.067,0.403
China,East Asia,0.811,69.593,0.904,-0.146,0.755
Singapore,Southeast Asia,0.915,76.953,0.927,-0.018,0.082
Thailand,Southeast Asia,0.888,67.401,0.884,0.287,0.895
Philippines,Southeast Asia,0.83,62.0,0.917,-0.097,0.742
Vietnam,Southeast Asia,0.85,68.034,0.94,-0.098,0.796
Malaysia,Southeast Asia,0.817,67.102,0.895,0.125,0.839
Indonesia,Southeast Asia,0.811,62.236,0.873,0.542,0.867
Laos,Southeast Asia,0.728,58.968,0.91,0.123,0.658
Cambodia,Southeast Asia,0.765,62.0,0.959,0.034,0.843
Myanmar,Southeast Asia,0.779,59.302,0.876,0.509,0.66
Uzbekistan,Commonwealth of Independent States,0.918,65.255,0.97,0.311,0.515
Kazakhstan,Commonwealth of Independent States,0.952,65.2,0.853,-0.069,0.733
Moldova,Commonwealth of Independent States,0.857,65.699,0.822,-0.079,0.918
Kyrgyzstan,Commonwealth of Independent States,0.893,64.401,0.935,0.119,0.908
Belarus,Commonwealth of Independent States,0.91,66.253,0.65,-0.18,0.627
Russia,Commonwealth of Independent States,0.903,64.703,0.718,-0.111,0.845
Tajikistan,Commonwealth of Independent States,0.86,64.281,0.832,-0.056,0.553
Armenia,Commonwealth of Independent States,0.799,67.055,0.825,-0.168,0.629
Azerbaijan,Commonwealth of Independent States,0.836,65.656,0.814,-0.223,0.506
Turkmenistan,Commonwealth of Independent States,0.983,62.409,0.877,0.273,0.888
Georgia,Commonwealth of Independent States,0.671,64.3,0.783,-0.238,0.655
Ukraine,Commonwealth of Independent States,0.888,64.902,0.724,-0.011,0.924
Mauritius,Sub-Saharan Africa,0.905,66.701,0.867,-0.054,0.789
Congo (Brazzaville),Sub-Saharan Africa,0.636,58.221,0.695,-0.068,0.745
Ivory Coast,Sub-Saharan Africa,0.644,50.114,0.741,-0.016,0.794
Cameroon,Sub-Saharan Africa,0.71,53.515,0.731,0.026,0.848
Senegal,Sub-Saharan Africa,0.71,59.802,0.695,-0.046,0.801
Ghana,Sub-Saharan Africa,0.727,57.586,0.807,0.123,0.848
Niger,Sub-Saharan Africa,0.641,53.78,0.806,0.018,0.693
Gambia,Sub-Saharan Africa,0.69,55.16,0.697,0.424,0.746
Benin,Sub-Saharan Africa,0.489,54.713,0.757,-0.034,0.661
Guinea,Sub-Saharan Africa,0.639,55.008,0.697,0.095,0.766
South Africa,Sub-Saharan Africa,0.86,56.904,0.749,-0.067,0.86
Gabon,Sub-Saharan Africa,0.776,59.962,0.731,-0.2,0.84
Burkina Faso,Sub-Saharan Africa,0.672,54.151,0.695,-0.009,0.748
Mozambique,Sub-Saharan Africa,0.744,54.706,0.882,0.061,0.684
Nigeria,Sub-Saharan Africa,0.74,50.102,0.737,0.037,0.878
Mali,Sub-Saharan Africa,0.724,51.969,0.697,-0.036,0.827
Uganda,Sub-Saharan Africa,0.781,56.101,0.709,0.122,0.855
Liberia,Sub-Saharan Africa,0.72,56.498,0.735,0.05,0.85
Kenya,Sub-Saharan Africa,0.688,60.704,0.779,0.287,0.825
Namibia,Sub-Saharan Africa,0.818,56.799,0.719,-0.149,0.847
Chad,Sub-Saharan Africa,0.619,48.478,0.579,0.041,0.807
Swaziland,Sub-Saharan Africa,0.77,50.833,0.647,-0.185,0.708
Comoros,Sub-Saharan Africa,0.626,57.349,0.548,0.082,0.781
Ethiopia,Sub-Saharan Africa,0.764,59.0,0.752,0.082,0.761
Mauritania,Sub-Saharan Africa,0.795,57.161,0.561,-0.106,0.731
Madagascar,Sub-Saharan Africa,0.686,59.305,0.552,-0.005,0.803
Togo,Sub-Saharan Africa,0.569,54.914,0.619,0.032,0.772
Zambia,Sub-Saharan Africa,0.708,55.809,0.782,0.061,0.823
Sierra Leone,Sub-Saharan Africa,0.63,51.651,0.717,0.084,0.866
Burundi,Sub-Saharan Africa,0.49,53.4,0.626,-0.024,0.607
Tanzania,Sub-Saharan Africa,0.702,57.999,0.833,0.183,0.577
Malawi,Sub-Saharan Africa,0.537,57.948,0.78,0.038,0.729
Lesotho,Sub-Saharan Africa,0.787,48.7,0.715,-0.131,0.915
Botswana,Sub-Saharan Africa,0.784,59.269,0.824,-0.246,0.801
Rwanda,Sub-Saharan Africa,0.552,61.4,0.897,0.061,0.167
Zimbabwe,Sub-Saharan Africa,0.75,56.201,0.677,-0.047,0.821
Nepal,South Asia,0.774,64.233,0.782,0.152,0.727
Maldives,South Asia,0.913,70.6,0.854,0.024,0.825
Bangladesh,South Asia,0.693,64.8,0.877,-0.041,0.682
Pakistan,South Asia,0.651,58.709,0.726,0.098,0.787
Sri Lanka,South Asia,0.827,67.299,0.841,0.079,0.863
India,South Asia,0.603,60.633,0.893,0.089,0.774
Afghanistan,South Asia,0.463,52.493,0.382,-0.102,0.924
Howarts,Lochaber,0.345,0.18,0.235,0.367,0.111
